{
	"format_version": "1.8.0",
	"animations": {
		"animation.sonic.walk": {
			"loop": true,
			"animation_length": 0.56,
			"bones": {
				"head": {
					"rotation": [15, 0, 0]
				},
				"body": {
					"rotation": [10, 0, 0],
					"position": [0, 0, -1]
				},
				"leftArm": {
					"rotation": [65, 0, -55]
				},
				"rightArm": {
					"rotation": [65, 0, 55]
				},
				"leftLeg": {
					"rotation": {
						"0.0": [38, 0, 0],
						"0.3567": [-38, 0, 0],
						"0.5066": [0, 0, 0],
						"0.7066": [38, 0, 0],
						"0.8066": [-38, 0, 0]
						
					},
					"position": {
					    "0.0": [0, 0, -1],
						"0.3567": [0, 0, 1],
						"0.5066": [0, 0, 1],
						"0.7066": [0, 0, -1],
						"0.8066": [0, 0, 1]
				   }
				   },
				"rightLeg": {
					"rotation": {
						"0.0": [-38, 0, 0],
						"0.3567": [38, 0, 0],
						"0.5066": [0, 0, 0],
						"0.7066": [-38, 0, 0],
						"0.8066": [38, 0, 0]
					},
					"position": {
					    "0.0": [0, 0, 1],
						"0.3567": [0, 0, -1],
						"0.5066": [0, 0, 1],
						"0.7066": [0, 0, 1],
						"0.8066": [0, 0, -1]
					    
					}
					}
					
				}
			}
		}
	}