{
	"format_version": "1.10.0",
	"animation_controllers": {
		"controller.animation.ship_fly": {
			"states": {
				"default": {
					"transitions": [
						{
							"fly": "(1.0)"
						}
					],
					"on_entry": [
						"/function ship_fly",
						"/tag @s add rider",
						"/playsound mob.ship.roar"
					]
				},
				"fly": {
					"transitions": [
						{
							"default": "query.has_rider"
						}
					],
					"on_entry": [
						"/function ship_fly",
						"/tag @s add rider",
						"/playsound mob.ship.roar"
					]
				}
			}
		}
	}
}