{
  "entity_sounds": {
    "entities": {
      "tm:sonic": {
        "volume": 1.0,
        "pitch": [ 1.0, 1.0 ],
        "events": {
          "ambient": "mob.sonicexe.ambient",
          "hurt": "mob.sonicexe.hurt",
          "death": "mob.sonicexe.death",
          "step": {
            "sound": "mob.sonicexe.step",
            "volume": 0.15,
            "pitch": 1.0
          }
        }
      },
  "tm:robotnik": {
        "volume": 1.0,
        "pitch": [ 1.0, 1.0 ],
        "events": {
          "ambient": "mob.robotnik.ambient",
          "hurt": "mob.robotnik.hurt",
          "death": "mob.robotnik.death",
          "step": {
            "sound": "mob.robotnik.step",
            "volume": 0.15,
            "pitch": 1.0
          }
        }
      }
      
      
    }
  }
}