{
	"format_version": "1.10.0",
	"geometry.eggman2": {
		"texturewidth": 64,
		"textureheight": 64,
		"visible_bounds_width": 2,
		"visible_bounds_height": 2,
		"visible_bounds_offset": [0, 1, 0],
		"bones": [
			{
				"name": "head",
				"pivot": [0, 24, 0],
				"cubes": [
					{"origin": [-4, 24, -4], "size": [8, 8, 8], "uv": [0, 0]},
					{"origin": [-3, 31, -5], "size": [2, 1, 1], "uv": [18, 39]},
					{"origin": [1, 31, -5], "size": [2, 1, 1], "uv": [18, 39]},
					{"origin": [-1, 29, -5], "size": [2, 2, 1], "uv": [18, 39]},
					{"origin": [3, 29, -5], "size": [1, 2, 1], "uv": [18, 39]},
					{"origin": [-4, 29, -5], "size": [1, 2, 1], "uv": [18, 39]},
					{"origin": [-5, 29, -4], "size": [1, 2, 2], "uv": [18, 39]},
					{"origin": [4, 29, -4], "size": [1, 2, 2], "uv": [18, 39]},
					{"origin": [-3, 29, -5], "size": [2, 2, 1], "uv": [3, 59]},
					{"origin": [1, 29, -5], "size": [2, 2, 1], "uv": [3, 59]},
					{"origin": [-3, 32, -4], "size": [6, 1, 2], "uv": [0, 38]},
					{"origin": [-2, 32, -2], "size": [4, 1, 1], "uv": [0, 38]},
					{"origin": [-4, 32, -3], "size": [1, 1, 1], "uv": [0, 38]},
					{"origin": [-5, 31, -3], "size": [1, 1, 1], "uv": [0, 38]},
					{"origin": [-5, 30, -3], "size": [1, 1, 1], "uv": [0, 38]},
					{"origin": [-5, 29, -2], "size": [1, 1, 1], "uv": [0, 38]},
					{"origin": [-4, 24, -4], "size": [8, 8, 8], "uv": [32, 0], "inflate": 0.5}
				]
			},
			{
				"name": "body",
				"pivot": [0, 24, 0],
				"cubes": [
					{"origin": [-4, 12, -2], "size": [8, 12, 4], "uv": [16, 16]}
				]
			},
			{
				"name": "rightLeg",
				"pivot": [-1.9, 12, 0],
				"cubes": [
					{"origin": [-4, 0, -2], "size": [4, 12, 4], "uv": [0, 16]}
				]
			},
			{
				"name": "leftLeg",
				"pivot": [1.9, 12, 0],
				"cubes": [
					{"origin": [0, 0, -2], "size": [4, 12, 4], "uv": [16, 48]}
				]
			},
			{
				"name": "leftArm",
				"pivot": [5, 22, 0],
				"cubes": [
					{"origin": [4, 12, -2], "size": [4, 12, 4], "uv": [32, 48]},
					{"origin": [4, 12, -2], "size": [4, 12, 4], "uv": [48, 48], "inflate": 0.25}
				]
			},
			{
				"name": "rightArm",
				"pivot": [-5, 22, 0],
				"cubes": [
					{"origin": [-8, 12, -2], "size": [4, 12, 4], "uv": [40, 16]},
					{"origin": [-8, 12, -2], "size": [4, 12, 4], "uv": [40, 32], "inflate": 0.25}
				]
			}
		]
	}
}