{
	"format_version": "1.10.0",
	"geometry.robotnik_ship": {
		"texturewidth": 512,
		"textureheight": 512,
		"visible_bounds_width": 11,
		"visible_bounds_height": 3,
		"visible_bounds_offset": [0, 1.5, 0],
		"bones": [
			{
				"name": "ship",
				"pivot": [0, 0, 0],
				"rotation": [5, 0, 0],
				"cubes": [
					{"origin": [-6, 37, -29], "size": [3, 8, 5], "uv": [0, 16]},
					{"origin": [-4, 43, -29], "size": [6, 2, 5], "uv": [0, 170]},
					{"origin": [-4, 37, -29], "size": [6, 2, 5], "uv": [36, 169]},
					{"origin": [2, 37, -29], "size": [3, 8, 5], "uv": [115, 154]},
					{"origin": [-3, 38, -29], "size": [5, 5, 4], "uv": [158, 158]},
					{"origin": [-14, 25, -24], "size": [26, 6, 19], "uv": [218, 283]},
					{"origin": [-14, 31, -7], "size": [26, 20, 4], "uv": [309, 69]},
					{"origin": [-16, 22, -29], "size": [30, 3, 28], "uv": [0, 243]},
					{"origin": [14, 27, -27], "size": [4, 13, 28], "uv": [50, 288]},
					{"origin": [-25, 31, -29], "size": [5, 12, 29], "uv": [0, 81]},
					{"origin": [18, 31, -29], "size": [5, 12, 29], "uv": [0, 0]},
					{"origin": [-17, 28, 0], "size": [32, 26, 43], "uv": [173, 0]},
					{"origin": [-20, 27, -27], "size": [4, 13, 28], "uv": [0, 154]},
					{"origin": [-17, 27, -2], "size": [32, 25, 2], "uv": [0, 122]},
					{"origin": [-17, 46, 43], "size": [32, 5, 5], "uv": [0, 221]},
					{"origin": [15, 28, 0], "size": [4, 18, 20], "uv": [231, 308]},
					{"origin": [-21, 28, 0], "size": [4, 18, 20], "uv": [158, 154]},
					{"origin": [-23, 33, 20], "size": [44, 13, 31], "uv": [145, 81]},
					{"origin": [-29, 21, -29], "size": [9, 12, 77], "uv": [0, 154]},
					{"origin": [18, 21, -29], "size": [9, 12, 77], "uv": [137, 137]},
					{"origin": [-20, 23, -32], "size": [38, 18, 4], "uv": [290, 226]},
					{"origin": [-20, 32, -35], "size": [38, 6, 4], "uv": [145, 125]},
					{"origin": [-29, 21, -38], "size": [56, 12, 9], "uv": [232, 193]},
					{"origin": [-15, 17, -44], "size": [29, 14, 11], "uv": [297, 297]},
					{"origin": [-11, 19, -48], "size": [21, 10, 5], "uv": [145, 135]},
					{"origin": [-8, 19, -51], "size": [15, 10, 3], "uv": [39, 0]},
					{"origin": [-25, 17, -34], "size": [48, 4, 77], "uv": [0, 0]},
					{"origin": [-20, 21, 43], "size": [38, 12, 5], "uv": [290, 248]},
					{"origin": [-20, 13, -30], "size": [38, 4, 69], "uv": [0, 81]},
					{"origin": [-22, 7, 5], "size": [4, 10, 4], "uv": [145, 97]},
					{"origin": [16, 7, 5], "size": [4, 10, 4], "uv": [39, 95]},
					{"origin": [-15, 26, 47], "size": [28, 13, 9], "uv": [0, 41]},
					{"origin": [-11, 29, 56], "size": [20, 10, 3], "uv": [289, 283]},
					{"origin": [-8, 17, 45], "size": [13, 8, 7], "uv": [36, 154]},
					{"origin": [-8, 17, 42], "size": [13, 8, 6], "uv": [94, 53]},
					{"origin": [12, 44, -23], "size": [2, 11, 17], "uv": [23, 372]},
					{"origin": [-16, 44, -23], "size": [2, 11, 17], "uv": [23, 372]}
				]
			},
			{
				"name": "bone3",
				"parent": "airplane",
				"pivot": [0, 0, 0],
				"cubes": [
					{"origin": [27, 21, -10], "size": [12, 12, 39], "uv": [227, 232]},
					{"origin": [38, 19, -7], "size": [6, 12, 33], "uv": [128, 271]}
				]
			},
			{
				"name": "bone5",
				"parent": "bone3",
				"pivot": [0, 0, 0],
				"rotation": [0, 0, -55],
				"cubes": [
					{"origin": [35, -35, 5], "size": [5, 29, 5], "uv": [95, 154]}
				]
			},
			{
				"name": "bone11",
				"parent": "bone3",
				"pivot": [0, 0, 0],
				"rotation": [0, 0, -130],
				"cubes": [
					{"origin": [38, 4, 3], "size": [5, 28, 5], "uv": [173, 0]}
				]
			},
			{
				"name": "bone4",
				"parent": "airplane",
				"pivot": [0, 0, 0],
				"cubes": [
					{"origin": [-41, 21, -10], "size": [12, 12, 39], "uv": [95, 154]},
					{"origin": [-45, 19, -7], "size": [6, 12, 33], "uv": [83, 243]}
				]
			},
			{
				"name": "bone12",
				"parent": "airplane",
				"pivot": [0, 0, 0],
				"rotation": [0, 0, 15],
				"cubes": [
					{"origin": [-56, -3, -7], "size": [6, 6, 33], "uv": [173, 283]},
					{"origin": [-91, -3, -7], "size": [6, 6, 33], "uv": [280, 0]},
					{"origin": [-85, -3, -13], "size": [30, 6, 7], "uv": [86, 288]},
					{"origin": [-85, -3, 26], "size": [30, 6, 7], "uv": [0, 208]},
					{"origin": [-85, -1, -6], "size": [30, 2, 32], "uv": [232, 125]}
				]
			},
			{
				"name": "bone13",
				"parent": "airplane",
				"pivot": [0, 0, 0],
				"rotation": [0, 0, -15],
				"cubes": [
					{"origin": [83, -3, -7], "size": [6, 6, 33], "uv": [0, 274]},
					{"origin": [48, -3, -7], "size": [6, 6, 33], "uv": [264, 69]},
					{"origin": [54, -3, -13], "size": [30, 6, 7], "uv": [0, 195]},
					{"origin": [54, -3, 26], "size": [30, 6, 7], "uv": [0, 63]},
					{"origin": [54, -1, -6], "size": [30, 2, 32], "uv": [232, 125]}
				]
			},
			{
				"name": "eggman2",
				"parent": "airplane",
				"pivot": [0, -6, 0],
				"cubes": [
					{"origin": [-5, 45, -17], "size": [8, 8, 8], "uv": [141, 363]},
					{"origin": [-4, 53, -17], "size": [1, 1, 1], "uv": [144, 404]},
					{"origin": [-4, 53, -16], "size": [1, 1, 1], "uv": [146, 401]},
					{"origin": [-4, 53, -15], "size": [1, 1, 1], "uv": [145, 402]},
					{"origin": [1, 53, -16], "size": [1, 1, 1], "uv": [146, 401]},
					{"origin": [1, 53, -17], "size": [1, 1, 1], "uv": [144, 404]},
					{"origin": [0, 53, -17], "size": [1, 1, 1], "uv": [142, 405]},
					{"origin": [0, 53, -16], "size": [1, 1, 1], "uv": [141, 404]},
					{"origin": [-3, 53, -16], "size": [1, 1, 1], "uv": [142, 401]},
					{"origin": [-3, 53, -17], "size": [1, 1, 1], "uv": [144, 402]},
					{"origin": [-2, 53, -17], "size": [1, 1, 1], "uv": [149, 404]},
					{"origin": [-1, 53, -17], "size": [1, 1, 1], "uv": [148, 404]},
					{"origin": [-1, 53, -16], "size": [1, 1, 1], "uv": [148, 402]},
					{"origin": [-2, 53, -16], "size": [1, 1, 1], "uv": [149, 405]},
					{"origin": [-5, 53, -15], "size": [1, 1, 1], "uv": [144, 404]},
					{"origin": [-6, 52, -15], "size": [1, 1, 1], "uv": [146, 402]},
					{"origin": [-6, 51, -15], "size": [1, 1, 1], "uv": [144, 404]},
					{"origin": [-6, 50, -14], "size": [1, 1, 1], "uv": [144, 402]},
					{"origin": [-5, 53, -16], "size": [1, 1, 1], "uv": [146, 404]}
				]
			},
			{
				"name": "bone14",
				"parent": "eggman2",
				"pivot": [0, -6, 0],
				"cubes": [
					{"origin": [-5, 33, -15], "size": [8, 12, 4], "uv": [157, 379]}
				]
			},
			{
				"name": "bone15",
				"parent": "eggman2",
				"pivot": [0, -6, 0],
				"rotation": [-40, 0, 0],
				"cubes": [
					{"origin": [3, 13, -43], "size": [4, 12, 4], "uv": [181, 379], "mirror": true}
				]
			},
			{
				"name": "bone16",
				"parent": "eggman2",
				"pivot": [0, -6, 0],
				"rotation": [-40, 0, 0],
				"cubes": [
					{"origin": [-9, 13, -43], "size": [4, 12, 4], "uv": [180, 379]}
				]
			},
			{
				"name": "bone17",
				"parent": "eggman2",
				"pivot": [0, -6, 0],
				"rotation": [-85, 15, 0],
				"cubes": [
					{"origin": [-2, -26, -41], "size": [4, 12, 4], "uv": [141, 379]}
				]
			},
			{
				"name": "bone18",
				"parent": "eggman2",
				"pivot": [0, -6, 0],
				"rotation": [-85, -15, 0],
				"cubes": [
					{"origin": [-4, -25, -41], "size": [4, 11, 4], "uv": [141, 379], "mirror": true}
				]
			},
			{
				"name": "bone2",
				"parent": "airplane",
				"pivot": [0, 0, 0],
				"rotation": [50, 0, 0],
				"cubes": [
					{"origin": [-21, 47, 11], "size": [35, 3, 18], "uv": [5, 335]}
				]
			},
			{
				"name": "bone6",
				"parent": "airplane",
				"pivot": [0, 0, 0],
				"cubes": [
					{"origin": [-21, 52, -22], "size": [35, 3, 11], "uv": [11, 338]},
					{"origin": [-21, 52, -8], "size": [35, 3, 11], "uv": [11, 338]}
				]
			}
		]
	}
}