{
	"format_version": "1.10.0",
	"geometry.sonicthehedgehog": {
		"texturewidth": 80,
		"textureheight": 80,
		"visible_bounds_width": 3,
		"visible_bounds_height": 2,
		"visible_bounds_offset": [0, 1, 0],
		"bones": [
			{
				"name": "head",
				"pivot": [0, 21.5, 0],
				"cubes": [
					{"origin": [-4, 24, -4], "size": [8, 8, 8], "uv": [0, 0]},
					{"origin": [-4.7, 24, -4.5], "size": [9.4, 2, 1.5], "uv": [14, 29]},
					{"origin": [-2.7, 25.5, -4.5], "size": [5.4, 1, 1.5], "uv": [37, 0]},
					{"origin": [-0.5, 25.6, -5.5], "size": [1, 1, 1], "uv": [0, 30]},
					{"origin": [-1, 21.5, 0], "size": [1, 1, 1], "uv": [0, 18]},
					{"origin": [-1, 21.5, 0], "size": [1, 1, 1], "uv": [0, 0]}
				]
			},
			{
				"name": "hair0",
				"parent": "head",
				"pivot": [0, 0, 0],
				"cubes": [
					{"origin": [-2, 30, 1], "size": [4, 3, 6], "uv": [28, 28]},
					{"origin": [-2, 29.5, 6], "size": [4, 3, 5], "uv": [11, 42]}
				]
			},
			{
				"name": "hair1",
				"parent": "head",
				"pivot": [0, 0, 0],
				"cubes": [
					{"origin": [-2, 25, 1], "size": [4, 3, 6], "uv": [26, 10]},
					{"origin": [-2, 24.5, 6], "size": [4, 3, 5], "uv": [40, 3]}
				]
			},
			{
				"name": "hair2",
				"parent": "head",
				"pivot": [0, 0, 0],
				"cubes": [
					{"origin": [-6, 28, 1], "size": [2, 4, 6], "uv": [27, 37]},
					{"origin": [-5.5, 28, 6], "size": [2, 4, 5], "uv": [43, 32]}
				]
			},
			{
				"name": "hair3",
				"parent": "head",
				"pivot": [0, 0, 0],
				"cubes": [
					{"origin": [-6, 24, 1], "size": [2, 3, 5], "uv": [36, 51]},
					{"origin": [-5.5, 24, 5], "size": [2, 3, 5], "uv": [9, 50]}
				]
			},
			{
				"name": "hair4",
				"parent": "head",
				"pivot": [0, 0, 0],
				"cubes": [
					{"origin": [4, 28, 1], "size": [2, 4, 6], "uv": [0, 35]},
					{"origin": [3.5, 28, 6], "size": [2, 4, 5], "uv": [38, 42]}
				]
			},
			{
				"name": "hair5",
				"parent": "head",
				"pivot": [0, 0, 0],
				"cubes": [
					{"origin": [4, 24, 1], "size": [2, 3, 5], "uv": [47, 22]},
					{"origin": [3.5, 24, 5], "size": [2, 3, 5], "uv": [0, 45]}
				]
			},
			{
				"name": "rightEar",
				"parent": "head",
				"pivot": [0, 0, 0],
				"cubes": [
					{"origin": [-4, 31, -3], "size": [2, 2, 1], "uv": [28, 19]},
					{"origin": [-4, 33, -3], "size": [2, 1, 1], "uv": [28, 24]},
					{"origin": [-5, 31, -3], "size": [1, 2, 1], "uv": [37, 37]},
					{"origin": [-2, 31, -3], "size": [1, 2, 1], "uv": [10, 37]}
				]
			},
			{
				"name": "leftEar",
				"parent": "head",
				"pivot": [0, 0, 0],
				"cubes": [
					{"origin": [2, 31, -3], "size": [2, 2, 1], "uv": [0, 5]},
					{"origin": [2, 33, -3], "size": [2, 1, 1], "uv": [28, 22]},
					{"origin": [1, 31, -3], "size": [1, 2, 1], "uv": [0, 35]},
					{"origin": [4, 31, -3], "size": [1, 2, 1], "uv": [24, 0]}
				]
			},
			{
				"name": "body",
				"pivot": [0, 24, 0],
				"cubes": [
					{"origin": [-3, 18, -2], "size": [6, 6, 4], "uv": [0, 16]},
					{"origin": [-3, 14, -1.7], "size": [6, 5, 3.4], "uv": [34, 19]}
				]
			},
			{
				"name": "tail",
				"parent": "body",
				"pivot": [0, 24, 0],
				"cubes": [
					{"origin": [-1, 16, 1], "size": [2, 1, 3], "uv": [16, 16]}
				]
			},
			{
				"name": "spike",
				"parent": "body",
				"pivot": [0, 24, 0],
				"cubes": [
					{"origin": [-2, 21, 1], "size": [1, 2, 3], "uv": [0, 14]},
					{"origin": [1, 20, 3], "size": [1, 2, 2], "uv": [0, 14]},
					{"origin": [1, 21, 1], "size": [1, 2, 3], "uv": [0, 0]},
					{"origin": [-2, 20, 3], "size": [1, 2, 2], "uv": [0, 26]}
				]
			},
			{
				"name": "rightArm",
				"pivot": [-3, 22, 1],
				"cubes": [
					{"origin": [-5, 14, -0.8], "size": [2, 10, 2], "uv": [8, 58]}
				]
			},
			{
				"name": "rightItem",
				"parent": "rightArm",
				"pivot": [-4, 10, -1]
			},
			{
				"name": "rightArm2",
				"parent": "rightArm",
				"pivot": [-3, 22, 1],
				"cubes": [
					{"origin": [-6, 13, -1.8], "size": [4, 2, 4], "uv": [48, 48]},
					{"origin": [-6.4, 10, -2.5], "size": [4.7, 3, 5.5], "uv": [15, 32]}
				]
			},
			{
				"name": "leftArm",
				"pivot": [3, 22, 1],
				"mirror": true,
				"cubes": [
					{"origin": [3, 14, -0.8], "size": [2, 10, 2], "uv": [50, 54], "mirror": false}
				]
			},
			{
				"name": "leftArm2",
				"parent": "leftArm",
				"pivot": [3, 22, 1],
				"cubes": [
					{"origin": [2, 13, -1.8], "size": [4, 2, 4], "uv": [47, 41]},
					{"origin": [1.7, 10, -2.5], "size": [4.7, 3, 5.5], "uv": [24, 0]}
				]
			},
			{
				"name": "rightLeg",
				"pivot": [-1.9, 12, 0],
				"cubes": [
					{"origin": [-2.9, 4, -1], "size": [2, 10, 2], "uv": [23, 53]},
					{"origin": [-3.9, 3, -2], "size": [4, 2, 4], "uv": [25, 47]},
					{"origin": [-4.3, 0, -3], "size": [4.7, 3, 6], "uv": [0, 26]},
					{"origin": [-4.3, 0, -5], "size": [4.7, 2.5, 2], "uv": [52, 30]},
					{"origin": [-4.3, 0, -6], "size": [4.7, 1.8, 1], "uv": [16, 40]}
				]
			},
			{
				"name": "leftLeg",
				"pivot": [1.9, 12, 0],
				"mirror": true,
				"cubes": [
					{"origin": [0.9, 4, -1], "size": [2, 10, 2], "uv": [0, 53], "mirror": false},
					{"origin": [-0.1, 3, -2], "size": [4, 2, 4], "uv": [46, 11], "mirror": false},
					{"origin": [-0.4, 0, -3], "size": [4.7, 3, 6], "uv": [14, 20], "mirror": false},
					{"origin": [-0.4, 0, -5], "size": [4.7, 2.5, 2], "uv": [49, 17], "mirror": false},
					{"origin": [-0.4, 0, -6], "size": [4.7, 1.8, 1], "uv": [10, 35], "mirror": false}
				]
			}
		]
	}
}